	Group
S21_001K	HR
S21_001P	IBD
S21_002K	HR
S21_002P	IBD
S21_003K	HR
S21_003P	IBD
S21_004K	HR
S21_005P	IBD
S21_006K	HR
S21_006P	IBD
S21_007K	HR
S21_007P	IBD
S21_008K	HR
S21_008P	IBD
S21_009K	HR
S21_009P	IBD
S21_010K	HR
S21_010P	IBD
S21_011K	HR
S21_011P	IBD
S21_012K	HR
S21_012P	IBD
S21_013K	HR
S21_013P	IBD
S21_014K	HR
S21_014P	IBD
S21_015K	HR
S21_015P	IBD
S21_016K	HR
S21_016P	IBD
S21_017K	HR
S21_017P	IBD
S21_018K	HR
S21_018P	IBD
S21_019K	HR
S21_019P	IBD
S21_020K	HR
S21_020P	IBD
S21_021K	HR
S21_021P	IBD
S21_022K	HR
S21_022P	IBD
S21_023K	HR
S21_023P	IBD
S21_024K	HR
S21_024P	IBD
S21_025K	HR
S21_026K	HR
S21_027K	HR
S21_027P	IBD
S21_028K	HR
S21_028P	IBD
S21_029K	HR
S21_029P	IBD
S21_030K	HR
S21_030P	IBD
S21_031K	HR
S21_031P	IBD
S21_032K	HR
S21_032P	IBD
S21_033K	HR
S21_033P	IBD
S21_034K	HR
S21_034P	IBD
S21_035K	HR
S21_035P	IBD
S21_036K	HR
S21_036P	IBD
S21_038K	HR
S21_038P	IBD
S21_039K	HR
S21_039P	IBD
S21_040K	HR
S21_040P	IBD
S21_042K	HR
S21_042P	IBD
S21_043K	HR
S21_043P	IBD
S21_044K	HR
S21_044P	IBD
S21_045K	HR
S21_045P	IBD
S21_046K	HR
S21_046P	IBD
S21_047K	HR
S21_047P	IBD
S21_048K	HR
S21_048P	IBD
S21_049K	HR
S21_049P	IBD
S21_050K	HR
S21_051K	HR
S21_051P	IBD
S21_052K	HR
S21_052P	IBD
S21_053K	HR
S21_053P	IBD
S21_054K	HR
S21_054P	IBD
S21_055K	HR
S21_055P	IBD
S21_056K	HR
S21_056P	IBD
S21_057K	HR
S21_057P	IBD
S21_058K	HR
S21_058P	IBD
S21_059K	HR
S21_059P	IBD
S21_060K	HR
S21_060P	IBD
S21_061K	HR
S21_061P	IBD
S21_062K	HR
S21_062P	IBD
S21_065K	HR
S21_065P	IBD
S21_066K	HR
S21_066P	IBD
S21_067K	HR
S21_067P	IBD
S21_068P	IBD
S21_069K	HR
S21_069P	IBD
S21_071K	HR
S21_071P	IBD
S21_074K	HR
S21_074P	IBD
S21_075K	HR
S21_075P	IBD
S21_076K	HR
S21_076P	IBD
S21_077K	HR
S21_077P	IBD
S21_078K	HR
S21_078P	IBD
S21_080K	HR
S21_080P	IBD
S21_081K	HR
S21_081P	IBD
S21_082K	HR
S21_083K	HR
S21_083P	IBD
S21_084K	HR
S21_084P	IBD
S21_085K	HR
S21_085P	IBD
S21_086K	HR
S21_086P	IBD
S21_087K	HR
S21_087P	IBD
S21_088K	HR
S21_088P	IBD
S21_089K	HR
S21_089P	IBD
S21_090K	HR
S21_090P	IBD
S21_091K	HR
S21_091P	IBD
S21_092K	HR
S21_093K	HR
S21_093P	IBD
S21_094K	HR
S21_094P	IBD
S21_095K	HR
S21_095P	IBD
S21_096K	HR
S21_096P	IBD
S21_097K	HR
S21_097P	IBD
S21_098K	HR
S21_098P	IBD
S21_099K	HR
S21_099P	IBD
S21_100K	HR
S21_100P	IBD
S21_101K	HR
S21_101P	IBD
S21_102K	HR
S21_102P	IBD
S21_103K	HR
S21_103P	IBD
S21_104K	HR
S21_104P	IBD
S21_105K	HR
S21_105P	IBD
S21_106K	HR
S21_106P	IBD
S21_107K	HR
S21_107P	IBD
S21_108K	HR
S21_108P	IBD
S21_109K	HR
S21_109P	IBD
S21_110K	HR
S21_110P	IBD
S21_111K	HR
S21_111P	IBD
S21_112K	HR
S21_112P	IBD
S21_113K	HR
S21_113P	IBD
S21_114K	HR
S21_114P	IBD
S21_115K	HR
S21_115P	IBD
S21_116K	HR
S21_116P	IBD
S21_117K	HR
S21_117P	IBD
S21_118K	HR
S21_118P	IBD
S21_119K	HR
S21_119P	IBD
S21_120K	HR
S21_120P	IBD
S21_121K	HR
S21_121P	IBD
S21_122K	HR
S21_122P	IBD
S21_123K	HR
S21_123P	IBD
S21_124K	HR
S21_124P	IBD
S21_125K	HR
S21_125P	IBD
S21_126K	HR
S21_126P	IBD
S21_127K	HR
S21_127P	IBD
S21_128K	HR
S21_128P	IBD
S21_129K	HR
S21_129P	IBD
S21_130K	HR
S21_130P	IBD
S21_131K	HR
S21_131P	IBD
S21_132K	HR
S21_132P	IBD
S21_133K	HR
S21_133P	IBD
S21_134K	HR
S21_134P	IBD
S21_135K	HR
S21_135P	IBD
S21_136K	HR
S21_136P	IBD
S21_137K	HR
S21_137P	IBD
S21_138K	HR
S21_138P	IBD
S21_140K	HR
S21_140P	IBD
S21_141K	HR
S21_141P	IBD
S21_142K	HR
S21_142P	IBD
S21_143K	HR
S21_143P	IBD
S21_144K	HR
S21_144P	IBD
S21_145K	HR
S21_145P	IBD
S21_146K	HR
S21_146P	IBD
S21_147K	HR
S21_147P	IBD
S21_148K	HR
S21_148P	IBD
S21_149P	IBD
S21_150K	HR
S21_150P	IBD
